[
    {
      "icon": "american-football",
      "name": "Action Sheet",
      "redirectTo": "/action-sheet"
    },
    {
      "icon": "alert-circle-outline",
      "name": "Alert",
      "redirectTo": "/alert"
    },
    {
      "icon": "beaker-outline",
      "name": "Avatar",
      "redirectTo": "/avatar"
    },
    {
      "icon": "radio-button-off-outline",
      "name": "Button",
      "redirectTo": "/button"
    },
    {
      "icon": "card-outline",
      "name": "Cards",
      "redirectTo": "/card"
    },
    {
      "icon": "checkbox-outline",
      "name": "Checkbox",
      "redirectTo": "/checkbox"
    },
    {
      "icon": "calendar-outline",
      "name": "Datetime",
      "redirectTo": "/datetime"
    },
    {
      "icon": "car-outline",
      "name": "Fab",
      "redirectTo": "/fab"
    },
    {
      "icon": "grid-outline",
      "name": "Grid",
      "redirectTo": "/grid"
    },
    {
      "icon": "infinite-outline",
      "name": "Infinite Scroll",
      "redirectTo": "/infinite-scroll"
    },
    {
      "icon": "hammer-outline",
      "name": "Input",
      "redirectTo": "/input"
    },
    {
      "icon": "list-outline",
      "name": "List-Sliding",
      "redirectTo": "/list-get-http"
    },
    {
      "icon": "reorder-three-outline",
      "name": "List-Reorder",
      "redirectTo": "/list-reorder"
    },
    {
      "icon": "refresh-circle-outline",
      "name": "Loading",
      "redirectTo": "/loading"
    },
    {
      "icon": "tablet-portrait-outline",
      "name": "Modal",
      "redirectTo": "/modal"
    },
    {
      "icon": "phone-portrait-outline",
      "name": "Popover",
      "redirectTo": "/popover"
    },
    {
      "icon": "code-working-outline",
      "name": "Progressbar - Range",
      "redirectTo": "/progress-and-range"
    },
    {
      "icon": "arrow-down-circle-outline",
      "name": "Refresher",
      "redirectTo": "/refresher"
    },
    {
      "icon": "search-outline",
      "name": "Search",
      "redirectTo": "/search"
    },
    {
      "icon": "copy-outline",
      "name": "Segment",
      "redirectTo": "/segment"
    },
    {
      "icon": "skull-outline",
      "name": "SkeletonText",
      "redirectTo": "/skeleton-text"
    },
    {
      "icon": "albums-outline",
      "name": "Slides",
      "redirectTo": "/slides"
    },
    {
      "icon": "cog-outline",
      "name": "Tabs",
      "redirectTo": "/tabs"
    },
    {
      "icon": "pricetag-outline",
      "name": "Toast",
      "redirectTo": "/toast"
    }

  ]